category,name,brand,unit,sale_price,applies_to
น้ำมันเครื่อง (มอเตอร์ไซค์ 4T),น้ำมันเครื่อง Motul 3000 Plus 4T 10W-40 0.8 ลิตร,Motul,ขวด,400,motorcycle
น้ำมันเครื่อง (มอเตอร์ไซค์ 4T),น้ำมันเครื่อง Motul 7100 4T 10W-40 สังเคราะห์แท้ 1 ลิตร,Motul,ขวด,420,motorcycle
น้ำมันเครื่อง (มอเตอร์ไซค์ 4T),น้ำมันเครื่อง Motul 7100 4T 10W-50 สังเคราะห์แท้ 1 ลิตร,Motul,ขวด,500,motorcycle
น้ำมันเครื่อง (มอเตอร์ไซค์ 4T),น้ำมันเครื่อง Motul Scooter Expert (GP Matic) 10W-40 0.8 ลิตร,Motul,ขวด,201,motorcycle
น้ำมันเครื่อง (มอเตอร์ไซค์ 4T),น้ำมันเครื่อง Repsol Smarter 4T 10W-40 1 ลิตร,Repsol,ขวด,390,motorcycle
น้ำมันเครื่อง (มอเตอร์ไซค์ 4T),น้ำมันเครื่อง Repsol Smarter Synthetic 4T 10W-50 1 ลิตร,Repsol,ขวด,550,motorcycle
น้ำมันเครื่อง (มอเตอร์ไซค์ 4T),น้ำมันเครื่อง Liqui Moly Formula Synthetic 4T 10W-40 0.8 ลิตร,Liqui Moly,ขวด,429,motorcycle
น้ำมันเครื่อง (มอเตอร์ไซค์ 4T),น้ำมันเครื่อง ENEOS Power 4T 20W-40 0.8 ลิตร,ENEOS,ขวด,91,motorcycle
น้ำมันเครื่อง (มอเตอร์ไซค์ 4T),น้ำมันเครื่อง ENEOS Moto Syn 4T 10W-40 1 ลิตร,ENEOS,ขวด,190,motorcycle
น้ำมันเครื่อง (มอเตอร์ไซค์ 4T),น้ำมันเครื่อง ENEOS 4T 20W-40 0.8 ลิตร,ENEOS,ขวด,95,motorcycle
น้ำมันเครื่อง (มอเตอร์ไซค์ 4T),น้ำมันเครื่อง Yamalube 4T SP Premium Plus สังเคราะห์ 1 ลิตร,Yamaha,ขวด,385,motorcycle
น้ำมันเครื่อง (มอเตอร์ไซค์ 4T),น้ำมันเครื่อง Voltronic Motorbike 10W-40 1 ลิตร,Voltronic,ขวด,590,motorcycle
น้ำมันเครื่อง (มอเตอร์ไซค์ 4T),น้ำมันเครื่อง Castrol Activ 4T 4-Stroke 0.8 ลิตร,Castrol,ขวด,160,motorcycle
น้ำมันเครื่อง (มอเตอร์ไซค์ 4T),น้ำมันเครื่อง Castrol Power1 4T 10W-30 1 ลิตร,Castrol,ขวด,210,motorcycle
น้ำมันเครื่อง (มอเตอร์ไซค์ 4T),น้ำมันเครื่อง Shell Advance 4T Ultra SC 5W-40 1 ลิตร,Shell,ขวด,770,motorcycle
น้ำมันเครื่อง (มอเตอร์ไซค์ 4T),น้ำมันเครื่อง Shell Advance 4T Ultra 10W-40 1 ลิตร,Shell,ขวด,328,motorcycle
น้ำมันเครื่อง (มอเตอร์ไซค์ 4T),น้ำมันเครื่อง Caltex Havoline EZY 4T 20W-40 0.8 ลิตร,Caltex,ขวด,142,motorcycle
น้ำมันเครื่อง (มอเตอร์ไซค์ 4T),น้ำมันเครื่อง PT Racer 4T SAE-40 1 ลิตร,PT,ขวด,120,motorcycle
น้ำมันเครื่อง (มอเตอร์ไซค์ 4T),น้ำมันเครื่อง PT 4T Super Ride 20W-40 1 ลิตร,PT,ขวด,170,motorcycle
น้ำมันเครื่อง (มอเตอร์ไซค์ 4T),น้ำมันเครื่อง PTT Challenger 4T 10W-30 กึ่งสังเคราะห์ 0.8 ลิตร,PTT,ขวด,110,motorcycle
น้ำมันเครื่อง (มอเตอร์ไซค์ 4T),น้ำมันเครื่อง PTT Max Speed 4T 1 ลิตร,PTT,ขวด,111,motorcycle
น้ำมันเครื่อง (มอเตอร์ไซค์ 4T),น้ำมันเครื่อง Valvoline Champ 4T 20W-40 0.8 ลิตร,Valvoline,ขวด,186,motorcycle
น้ำมันเครื่อง (มอเตอร์ไซค์ 4T),น้ำมันเครื่อง Duckhams QT 4T 10W-40 1 ลิตร,Duckhams,ขวด,250,motorcycle
น้ำมันเครื่อง (มอเตอร์ไซค์ 4T),น้ำมันเครื่อง KONRA 4T 0.8 ลิตร,KONRA,ขวด,79,motorcycle
น้ำมันเครื่อง (มอเตอร์ไซค์ 4T),น้ำมันเครื่อง Ride Moto 4T 1 ลิตร,Ride Moto,ขวด,420,motorcycle
น้ำมันเครื่อง (รถยนต์),น้ำมันเครื่อง Shell Helix HX8 5W-30 สังเคราะห์ 4 ลิตร,Shell,แกลลอน,1290,car
น้ำมันเครื่อง (รถยนต์),น้ำมันเครื่อง Shell Helix HX7 G 10W-40 4 ลิตร,Shell,แกลลอน,1190,car
น้ำมันเครื่อง (รถยนต์),น้ำมันเครื่อง PTT Performa 5W-30 สังเคราะห์ 4 ลิตร,PTT,แกลลอน,1100,car
น้ำมันเครื่อง (รถยนต์),น้ำมันเครื่อง PTT Dynamic Commonrail 15W-40 6+1 ลิตร,PTT,ชุด,1055,car
น้ำมันเครื่อง (รถยนต์),น้ำมันเครื่อง บางจาก Furio F1 Premium 5W-30 สังเคราะห์ 4 ลิตร,บางจาก,แกลลอน,1290,car
น้ำมันเครื่อง (รถยนต์),น้ำมันเครื่อง บางจาก Furio F2 5W-30 กึ่งสังเคราะห์ 4 ลิตร,บางจาก,แกลลอน,517,car
น้ำมันเครื่อง (รถยนต์),น้ำมันเครื่อง บางจาก Furio Benzine 5W-30 4+1 ลิตร,บางจาก,ชุด,849,car
น้ำมันเครื่อง (รถยนต์),น้ำมันเครื่อง บางจาก Premium 5W-30 สังเคราะห์ 4 ลิตร,บางจาก,แกลลอน,950,car
น้ำมันเครื่อง (รถยนต์),น้ำมันเครื่อง Valvoline Commonrail 5W-30 6+1 ลิตร,Valvoline,ชุด,1669,car
น้ำมันเครื่อง (รถยนต์),น้ำมันเครื่อง Valvoline Synpower 5W-30 1 ลิตร,Valvoline,ขวด,920,car
น้ำมันเครื่อง (รถยนต์),น้ำมันเครื่อง Liqui Moly Top Tec 4600 5W-30 5 ลิตร,Liqui Moly,แกลลอน,2555,car
น้ำมันเครื่อง (รถยนต์),น้ำมันเครื่อง Liqui Moly Top Tec 4200 5W-30 5 ลิตร,Liqui Moly,แกลลอน,3370,car
น้ำมันเครื่อง (รถยนต์),น้ำมันเครื่อง HKS Super Oil 5W-30 4 ลิตร,HKS,แกลลอน,1368,car
น้ำมันเครื่อง (รถยนต์),น้ำมันเครื่อง GE Platinum 5W-30 สังเคราะห์ 4 ลิตร,GE,แกลลอน,832,car
น้ำมันเครื่อง (รถยนต์),น้ำมันเครื่อง AISIN 5W-30 สังเคราะห์ 4 ลิตร,AISIN,แกลลอน,994,car
น้ำมันเครื่อง (รถยนต์),น้ำมันเครื่อง SUNOCO 5W-30 สังเคราะห์ 4 ลิตร,SUNOCO,แกลลอน,1464,car
น้ำมันเครื่อง (รถยนต์),น้ำมันเครื่อง ACDelco Diesel Dexos2 5W-30 1 ลิตร,ACDelco,ขวด,345,car
น้ำมันเครื่อง (รถยนต์),น้ำมันเครื่อง Castrol Edge Pick-Up 5W-30 ดีเซล 6+1 ลิตร,Castrol,ชุด,4000,car
น้ำมันเครื่อง (รถยนต์),น้ำมันเครื่อง Ford Synthetic 5W-30 สังเคราะห์,Ford,แกลลอน,1420,car
น้ำมันเครื่อง (รถยนต์),น้ำมันเครื่อง PTT 5W-30 (เติมย่อย) 1 ลิตร,PTT,ขวด,170,car
น้ำมันเครื่อง (รถยนต์),น้ำมันเครื่อง FURIO (เติมย่อย) 1 ลิตร,บางจาก,ขวด,210,car
น้ำมันเครื่อง (รถยนต์),น้ำมันเครื่อง Shell Rimula R4X 15W-40 ดีเซล 6+1 ลิตร,Shell,ชุด,1050,car
น้ำมันเครื่อง (รถยนต์),น้ำมันเครื่อง Caltex Delo Gold 15W-40 ดีเซล 6+1 ลิตร,Caltex,ชุด,1000,car
น้ำมันเครื่อง (รถยนต์),น้ำมันเครื่อง Mobil Delvac 15W-40 ดีเซล 6+1 ลิตร,Mobil,ชุด,1150,car
น้ำมันเครื่อง (รถยนต์),น้ำมันเครื่อง เบนซิน 20W-50 ธรรมดา 4 ลิตร,ทั่วไป,แกลลอน,550,car
น้ำมันเกียร์/เฟืองท้าย,น้ำมันเกียร์ PTT Gear Oil GL-5 SAE 140 1 ลิตร,PTT,ขวด,170,both
น้ำมันเกียร์/เฟืองท้าย,น้ำมันเกียร์ธรรมดา GL-4 80W-90 1 ลิตร,ทั่วไป,ขวด,180,both
น้ำมันเกียร์/เฟืองท้าย,น้ำมันเฟืองท้าย GL-5 85W-140 1 ลิตร,ทั่วไป,ขวด,200,both
น้ำมันเกียร์/เฟืองท้าย,น้ำมันเกียร์ออโต้ ATF Dexron III 1 ลิตร,ทั่วไป,ขวด,190,both
น้ำมันเกียร์/เฟืองท้าย,น้ำมันเกียร์ออโต้ ATF WS 4 ลิตร,Toyota,แกลลอน,1400,both
น้ำมันเกียร์/เฟืองท้าย,น้ำมันเกียร์ CVT Fluid 4 ลิตร,ทั่วไป,แกลลอน,1300,both
น้ำมันเกียร์/เฟืองท้าย,น้ำมันเฟืองท้ายสกู๊ตเตอร์ (Gear Oil) 120 มล.,ทั่วไป,ขวด,45,both
น้ำมันเกียร์/เฟืองท้าย,น้ำมันโช้คหน้า SAE10 (Fork Oil) 1 ลิตร,ทั่วไป,ขวด,200,both
น้ำมันเกียร์/เฟืองท้าย,น้ำมันโช้คอัพมอเตอร์ไซค์ Honda แท้ ขวดเล็ก,Honda,ขวด,75,both
น้ำมันเกียร์/เฟืองท้าย,น้ำมันพวงมาลัยเพาเวอร์ PSF 1 ลิตร,ทั่วไป,ขวด,180,both
น้ำมันเบรค,น้ำมันเบรค Brembo DOT4 250 มล.,Brembo,ขวด,135,both
น้ำมันเบรค,น้ำมันเบรค Brembo DOT4 500 มล.,Brembo,ขวด,165,both
น้ำมันเบรค,น้ำมันเบรค ATE DOT4 0.5 ลิตร,ATE,ขวด,205,both
น้ำมันเบรค,น้ำมันเบรค Bendix DOT3/DOT4 500 มล.,Bendix,ขวด,179,both
น้ำมันเบรค,น้ำมันเบรค ZIC DOT-4 500 มล.,ZIC,ขวด,350,both
น้ำมันเบรค,น้ำมันเบรค Valvoline DOT4 500 มล.,Valvoline,ขวด,170,both
น้ำมันเบรค,น้ำมันเบรค Yamalube DOT4 500 มล.,Yamaha,ขวด,150,both
น้ำมันเบรค,น้ำมันเบรค Shell DOT4 0.5 ลิตร,Shell,ขวด,428,both
น้ำมันเบรค,น้ำมันเบรค Liqui Moly DOT4 500 มล.,Liqui Moly,ขวด,391,both
น้ำมันเบรค,น้ำมันเบรค Repsol DOT4 500 มล.,Repsol,ขวด,550,both
น้ำมันเบรค,น้ำมันเบรค Ferodo DOT4 500 มล.,Ferodo,ขวด,500,both
น้ำมันเบรค,น้ำมันเบรค DOT5.1 1 ลิตร,ทั่วไป,ขวด,250,both
น้ำมันเบรค,น้ำมันเบรค DOT3 1 ลิตร,ทั่วไป,ขวด,220,both
น้ำมันเบรค,น้ำมันคลัตช์ DOT3 250 มล.,ทั่วไป,ขวด,90,both
น้ำยาหม้อน้ำ/น้ำกลั่น,คูลแลนท์ AISIN สีฟ้า 4 ลิตร,AISIN,แกลลอน,448,both
น้ำยาหม้อน้ำ/น้ำกลั่น,คูลแลนท์ TCL 4 ลิตร,TCL,แกลลอน,385,both
น้ำยาหม้อน้ำ/น้ำกลั่น,คูลแลนท์ Valvoline Super Coolant 1 ลิตร,Valvoline,ขวด,189,both
น้ำยาหม้อน้ำ/น้ำกลั่น,น้ำยาหม้อน้ำ บางจาก Coolant 1 ลิตร,บางจาก,ขวด,155,both
น้ำยาหม้อน้ำ/น้ำกลั่น,น้ำยาหม้อน้ำ Duckhams Coolant 1 ลิตร,Duckhams,ขวด,160,both
น้ำยาหม้อน้ำ/น้ำกลั่น,น้ำยาหม้อน้ำ ENEOS สีเขียว 1 ลิตร,ENEOS,ขวด,110,both
น้ำยาหม้อน้ำ/น้ำกลั่น,น้ำยาหม้อน้ำ ENEOS สีเขียว 4 ลิตร,ENEOS,แกลลอน,350,both
น้ำยาหม้อน้ำ/น้ำกลั่น,น้ำยาหม้อน้ำ Karshine 1 ลิตร,Karshine,ขวด,185,both
น้ำยาหม้อน้ำ/น้ำกลั่น,น้ำยาหม้อน้ำ ซีซั่น คูลแลนท์ 1 ลิตร,ซีซั่น,ขวด,99,both
น้ำยาหม้อน้ำ/น้ำกลั่น,น้ำยาหล่อเย็นหม้อน้ำ WATTS 1 ลิตร,WATTS,ขวด,199,both
น้ำยาหม้อน้ำ/น้ำกลั่น,น้ำยากันสนิมหม้อน้ำ ตราช้าง 1 ลิตร,ตราช้าง,ขวด,175,both
น้ำยาหม้อน้ำ/น้ำกลั่น,น้ำกลั่นเติมแบตเตอรี่ 1 ลิตร,ทั่วไป,ขวด,15,both
น้ำยาหม้อน้ำ/น้ำกลั่น,น้ำกลั่นเติมแบตเตอรี่ 5 ลิตร,ทั่วไป,แกลลอน,60,both
จาระบี/สเปรย์หล่อลื่น,จาระบีอเนกประสงค์ (สีเหลือง) 0.5 กก.,ทั่วไป,กระปุก,90,both
จาระบี/สเปรย์หล่อลื่น,จาระบีทนความร้อนสูง 1 กก.,ทั่วไป,กระปุก,180,both
จาระบี/สเปรย์หล่อลื่น,จาระบีลูกปืนล้อ 500 กรัม,ทั่วไป,กระปุก,120,both
จาระบี/สเปรย์หล่อลื่น,น้ำยาอเนกประสงค์ WD-40 360 มล.,WD-40,กระป๋อง,340,both
จาระบี/สเปรย์หล่อลื่น,สเปรย์จาระบีขาว WD-40 White Lithium 360 มล.,WD-40,กระป๋อง,352,both
จาระบี/สเปรย์หล่อลื่น,สเปรย์ WD-40 Specialist 360 มล.,WD-40,กระป๋อง,410,both
จาระบี/สเปรย์หล่อลื่น,สเปรย์จาระบีขาว Bosny 400 ซีซี,Bosny,กระป๋อง,130,both
จาระบี/สเปรย์หล่อลื่น,สเปรย์จาระบี Bosny 200 มล.,Bosny,กระป๋อง,107,both
จาระบี/สเปรย์หล่อลื่น,สเปรย์จาระบีใส Wurth HHS 2000 500 มล.,Wurth,กระป๋อง,333,both
จาระบี/สเปรย์หล่อลื่น,สเปรย์จาระบีทนร้อน ThreeBond 480 มล.,ThreeBond,กระป๋อง,550,both
จาระบี/สเปรย์หล่อลื่น,สเปรย์จาระบีทนร้อน TOYO-G 300 มล.,TOYO-G,กระป๋อง,145,both
จาระบี/สเปรย์หล่อลื่น,สเปรย์หล่อลื่นโซ่ Fibshield Chain Lube 200 มล.,Fibshield,กระป๋อง,75,both
จาระบี/สเปรย์หล่อลื่น,สเปรย์หล่อลื่นโซ่ SMCT Chain Spray 400 มล.,SMCT,กระป๋อง,199,both
จาระบี/สเปรย์หล่อลื่น,สเปรย์จาระบีขาว Lube71 600 มล.,Lube71,กระป๋อง,350,both
จาระบี/สเปรย์หล่อลื่น,สเปรย์จาระบีใส Neobond 500 มล.,Neobond,กระป๋อง,450,both
น้ำยา/เคมีภัณฑ์,สเปรย์ล้างเบรค (Brake Cleaner) 500 มล.,ทั่วไป,กระป๋อง,90,both
น้ำยา/เคมีภัณฑ์,สเปรย์ล้างคาร์บูเรเตอร์ 450 มล.,ทั่วไป,กระป๋อง,110,both
น้ำยา/เคมีภัณฑ์,สเปรย์กันสนิม/คลายน็อต 400 มล.,ทั่วไป,กระป๋อง,95,both
น้ำยา/เคมีภัณฑ์,สเปรย์ล้างแอร์ (Evaporator Cleaner) 400 มล.,ทั่วไป,กระป๋อง,150,both
น้ำยา/เคมีภัณฑ์,น้ำยาล้างเครื่องยนต์ Engine Flush 300 มล.,ทั่วไป,ขวด,120,both
น้ำยา/เคมีภัณฑ์,หัวเชื้อล้างหัวฉีด (Injector Cleaner) 300 มล.,ทั่วไป,ขวด,160,both
น้ำยา/เคมีภัณฑ์,น้ำยาทำความสะอาดเบรค Rayhong 100 มล.,Rayhong,ขวด,298,both
น้ำยา/เคมีภัณฑ์,น้ำยาฉีดกระจก 1 ลิตร,ทั่วไป,ขวด,45,both
น้ำยา/เคมีภัณฑ์,น้ำยาล้างมือช่าง กระปุกใหญ่,ทั่วไป,กระปุก,150,both
กาว/ซีล/วัสดุอุด,กาวปะเก็นทนความร้อน (Gasket Maker) 85 กรัม,ทั่วไป,หลอด,120,both
กาว/ซีล/วัสดุอุด,กาวล็อคเกลียว Loctite 243 10 มล.,Loctite,หลอด,250,both
กาว/ซีล/วัสดุอุด,ซิลิโคนทนความร้อนสูง 85 กรัม,ทั่วไป,หลอด,150,both
กาว/ซีล/วัสดุอุด,เทปพันเกลียว (เทปขาว) 1/2 นิ้ว,ทั่วไป,ม้วน,10,both
กาว/ซีล/วัสดุอุด,เทปพันสายไฟ PVC 10 หลา,ทั่วไป,ม้วน,12,both
กาว/ซีล/วัสดุอุด,เคเบิ้ลไทร์ (สายรัดพลาสติก) 100 เส้น,ทั่วไป,ถุง,35,both
อะไหล่ไฟฟ้าทั่วไป,ฟิวส์ก้ามปู 10A/15A/20A 10 ตัว,ทั่วไป,ชุด,30,both
อะไหล่ไฟฟ้าทั่วไป,ฟิวส์เสียบเล็ก Mini Blade 10 ตัว,ทั่วไป,ชุด,35,both
อะไหล่ไฟฟ้าทั่วไป,ขั้วแบตเตอรี่ทองเหลือง บวก-ลบ,ทั่วไป,คู่,120,both
อะไหล่ไฟฟ้าทั่วไป,สายไฟรถยนต์ AWG18 30 เมตร,ทั่วไป,ม้วน,180,both
อะไหล่ไฟฟ้าทั่วไป,หางปลาย้ำสายไฟ คละเบอร์ 100 ตัว,ทั่วไป,ถุง,60,both
อะไหล่ไฟฟ้าทั่วไป,รีเลย์ 12V 4/5 ขา 12V 30A,ทั่วไป,ตัว,80,both
อะไหล่ไฟฟ้าทั่วไป,หลอดไฟหรี่ T10 12V,ทั่วไป,หลอด,15,both
อะไหล่ไฟฟ้าทั่วไป,หลอดไฟเลี้ยว/เบรค 1156/1157 12V,ทั่วไป,หลอด,25,both
อะไหล่สิ้นเปลืองร่วม,ลูกปืน 6301-2RS / 6202-2RS มาตรฐาน,ทั่วไป,ตลับ,120,both
อะไหล่สิ้นเปลืองร่วม,ซีลกันน้ำมัน (Oil Seal) คละเบอร์ มาตรฐาน,ทั่วไป,ตัว,45,both
อะไหล่สิ้นเปลืองร่วม,โอริงยาง คละเบอร์ ชุดคละ,ทั่วไป,ชุด,120,both
อะไหล่สิ้นเปลืองร่วม,น็อต-สกรูหัว 6 เหลี่ยม M6/M8/M10 ชุดคละ,ทั่วไป,ชุด,80,both
อะไหล่สิ้นเปลืองร่วม,กิ๊บล็อค/คลิปพลาสติกยึดกันชน 100 ตัว,ทั่วไป,ถุง,90,both
อะไหล่สิ้นเปลืองร่วม,แหวนอีแปะ/แหวนสปริง คละเบอร์ กล่องคละ,ทั่วไป,กล่อง,150,both
อะไหล่สิ้นเปลืองร่วม,น็อตถ่ายน้ำมันเครื่อง + แหวนทองแดง มาตรฐาน,ทั่วไป,ตัว,45,both
อะไหล่สิ้นเปลืองร่วม,จุ๊บลมยาง (วาล์วลม) ทิวบ์/ทิวเลส,ทั่วไป,ตัว,15,both
อะไหล่สิ้นเปลืองร่วม,ตะกั่วถ่วงล้อ 1 กล่อง,ทั่วไป,กล่อง,350,both
วัสดุสิ้นเปลืองหน้างาน,ผ้าเช็ดอเนกประสงค์ (ผ้าขี้ริ้ว) 1 กิโลกรัม,ทั่วไป,กก.,45,both
วัสดุสิ้นเปลืองหน้างาน,กระดาษทรายน้ำ เบอร์ 400-2000 1 แผ่น,ทั่วไป,แผ่น,12,both
วัสดุสิ้นเปลืองหน้างาน,ถุงมือผ้าเคลือบยาง 1 คู่,ทั่วไป,คู่,20,both
วัสดุสิ้นเปลืองหน้างาน,ถุงมือไนไตรใช้แล้วทิ้ง 100 ชิ้น,ทั่วไป,กล่อง,220,both
วัสดุสิ้นเปลืองหน้างาน,ถาดรองน้ำมันเครื่อง 8-10 ลิตร,ทั่วไป,ใบ,250,both
วัสดุสิ้นเปลืองหน้างาน,กรวยเติมน้ำมัน พลาสติก,ทั่วไป,อัน,35,both
วัสดุสิ้นเปลืองหน้างาน,ตัวถอดกรองน้ำมันเครื่อง 3 ขา ปรับได้,NKO Tools,อัน,79,both
วัสดุสิ้นเปลืองหน้างาน,ประแจถอดกรองแบบถ้วย (Cup Wrench) 65-93 มม.,ทั่วไป,อัน,99,both
กรองน้ำมันเครื่อง,กรองน้ำมันเครื่อง Toyota Vigo/Innova/Fortuner (WL7570),WIX,ลูก,98,car
กรองน้ำมันเครื่อง,กรองน้ำมันเครื่อง Isuzu D-Max 2.5/3.0 (WL10088),WIX,ลูก,135,car
กรองน้ำมันเครื่อง,กรองน้ำมันเครื่อง Isuzu D-Max 4JK1/4JJ1 Commonrail,ทั่วไป,ลูก,90,car
กรองน้ำมันเครื่อง,กรองน้ำมันเครื่อง Isuzu D-Max/MU-X แท้ศูนย์,ISUZU,ลูก,420,car
กรองน้ำมันเครื่อง,กรองน้ำมันเครื่อง Isuzu D-Max C-1841,SAKURA,ลูก,160,car
กรองน้ำมันเครื่อง,กรองน้ำมันเครื่อง Isuzu TFR (8-97912546-0),ทั่วไป,ลูก,182,car
กรองน้ำมันเครื่อง,กรองน้ำมันเครื่อง Isuzu NPR/NQR/FRR รถบรรทุกเล็ก,SAKURA,ลูก,511,car
กรองน้ำมันเครื่อง,กรองน้ำมันเครื่อง Nissan Navara D40/NP300,CORNER,ลูก,180,car
กรองน้ำมันเครื่อง,กรองน้ำมันเครื่อง Nissan Terra/Navara NP300 OFLAZ4144,AISIN,ลูก,141,car
กรองน้ำมันเครื่อง,กรองน้ำมันเครื่อง Nissan Neo/Tiida/March 15208-ED50AS,NISSAN,ลูก,264,car
กรองน้ำมันเครื่อง,กรองน้ำมันเครื่อง Nissan Frontier 3.0 ZD30 15209-2W200,NISSAN,ลูก,310,car
กรองน้ำมันเครื่อง,กรองน้ำมันเครื่อง Chevrolet Sonic 1.4 AT 2014,CORNER,ลูก,190,car
กรองน้ำมันเครื่อง,กรองน้ำมันเครื่อง Suzuki Celerio 1.2 C-1109,SAKURA,ลูก,138,car
กรองน้ำมันเครื่อง,กรองน้ำมันเครื่อง Toyota Hilux Tiger D4D,D Filter,ลูก,66,car
กรองน้ำมันเครื่อง,กรองน้ำมันเครื่อง Honda City/Jazz/Civic 15400-RTA-004,ทั่วไป,ลูก,150,car
กรองน้ำมันเครื่อง,กรองน้ำมันเครื่อง Mazda 2/Mazda 3 Skyactiv PE01-14-302,ทั่วไป,ลูก,180,car
กรองน้ำมันเครื่อง,กรองน้ำมันเครื่อง Ford Ranger/Mazda BT-50 2.2/3.2 TDCi,ทั่วไป,ลูก,220,car
กรองน้ำมันเครื่อง,กรองน้ำมันเครื่อง Mitsubishi Triton/Pajero Sport 4D56/4N15,ทั่วไป,ลูก,190,car
กรองน้ำมันเครื่อง,ฝาครอบกรองน้ำมันเครื่อง (อลูมิเนียม 91 มม.) Nissan Navara,CONSO,ตัว,315,car
กรองอากาศ,กรองอากาศ Toyota Altis 2014-2017,InnoHome,ลูก,186,car
กรองอากาศ,กรองอากาศ Toyota Vios 2008-2012,InnoHome,ลูก,186,car
กรองอากาศ,กรองอากาศ Ford Ranger 2.5 1996-2004 WL81-13-Z40,HI-BRID,ลูก,200,car
กรองอากาศ,กรองอากาศ Mazda 323 Protege 1995-1999 323 Sedan,D Filter,ลูก,199,car
กรองอากาศ,กรองอากาศ Mazda 323 Astina/MX-5 1990-1994,D Filter,ลูก,290,car
กรองอากาศ,กรองอากาศ Nissan Almera/March/Note (B14),D Filter,ลูก,114,car
กรองอากาศ,กรองอากาศ Isuzu TFR 2.5 (มังกรทอง),D Filter,ลูก,163,car
กรองอากาศ,กรองอากาศ MG (ทุกรุ่น) แท้ศูนย์,MG,ลูก,320,car
กรองอากาศ,กรองอากาศ Honda Civic/Jazz/City/CR-V/HR-V Honda ทั่วไป,Gibblock,ลูก,190,car
กรองอากาศ,กรองอากาศ Toyota Vigo/Fortuner 17801-0L040,ทั่วไป,ลูก,250,car
กรองอากาศ,กรองอากาศ Isuzu D-Max 2012-2019 8-98140266,ทั่วไป,ลูก,280,car
กรองอากาศ,กรองอากาศ Mitsubishi Triton/Pajero Sport 1500A023,ทั่วไป,ลูก,260,car
กรองแอร์,ชุดกรองอากาศ + กรองแอร์ Mazda 2 Skyactiv 2015-2026 1.3/1.5,ทั่วไป,ชุด,238,car
กรองแอร์,กรองแอร์ Toyota Vios/Yaris 87139-0D070,ทั่วไป,ลูก,180,car
กรองแอร์,กรองแอร์ Isuzu D-Max/MU-X 8-98159205,ทั่วไป,ลูก,200,car
กรองแอร์,กรองแอร์คาร์บอน Honda City/Jazz Carbon,ทั่วไป,ลูก,250,car
กรองแอร์,กรองแอร์ Toyota Vigo/Fortuner 87139-0N010,ทั่วไป,ลูก,190,car
กรองเชื้อเพลิง,กรองโซล่า (ดักน้ำ) Isuzu D-Max 8-98159693,ทั่วไป,ลูก,350,car
กรองเชื้อเพลิง,กรองโซล่า Toyota Vigo/Revo 23390-0L041,ทั่วไป,ลูก,320,car
กรองเชื้อเพลิง,กรองโซล่า Ford Ranger/Mazda BT-50 2.2/3.2,ทั่วไป,ลูก,450,car
กรองเชื้อเพลิง,กรองเบนซิน (นอกถัง/ในถัง) มาตรฐาน,ทั่วไป,ลูก,250,car
กรองเชื้อเพลิง,กรองเกียร์ออโต้ + ปะเก็นอ่างเกียร์ มาตรฐาน,ทั่วไป,ชุด,850,car
ระบบเบรค,ผ้าเบรคหน้า Toyota Vios 2007-2012 ล้อหน้า,Bendix,ชุด,1500,car
ระบบเบรค,ผ้าเบรคหน้า Toyota Vios 1.5 2002-2007 ล้อหน้า,Bendix,ชุด,940,car
ระบบเบรค,ผ้าเบรคหน้า Toyota Altis 2008-2018 ล้อหน้า,GCT,ชุด,1510,car
ระบบเบรค,ผ้าเบรคหน้า Toyota Yaris 1.2 Eco 2013-2016 ล้อหน้า,Bendix,ชุด,940,car
ระบบเบรค,ผ้าเบรคหน้า Toyota Yaris E/J 2006-2012 ล้อหน้า,Bendix,ชุด,940,car
ระบบเบรค,ผ้าเบรคหน้า Honda Civic FD 1.8/2.0 2006-2012 ล้อหน้า,Bendix,ชุด,1690,car
ระบบเบรค,ผ้าเบรคหน้า Isuzu D-Max 2011-2018 ล้อหน้า,Bendix,ชุด,1560,car
ระบบเบรค,ผ้าเบรคหน้า Mitsubishi Triton 2005-2018 ล้อหน้า,Bendix,ชุด,907,car
ระบบเบรค,ผ้าเบรคหน้า-หลัง Mitsubishi Pajero Sport 2015-2018 หน้า+หลัง,Bendix,ชุด,1850,car
ระบบเบรค,ผ้าเบรคหน้า Mitsubishi Mirage 2012 ขึ้นไป ล้อหน้า,Bendix,ชุด,850,car
ระบบเบรค,ผ้าเบรคหน้า Mitsubishi Attrage 2013 ขึ้นไป ล้อหน้า,Bendix,ชุด,990,car
ระบบเบรค,ผ้าเบรคหน้า Suzuki Swift 2018-2022 ล้อหน้า,Bendix,ชุด,800,car
ระบบเบรค,ผ้าเบรคหน้า Mitsubishi Lancer/EVO 2001-2017 ล้อหน้า,Googai,ชุด,1500,car
ระบบเบรค,ผ้าเบรค COMPACT (รุ่นทั่วไป) ล้อหน้า,COMPACT,ชุด,700,car
ระบบเบรค,ผ้าเบรคหลัง/ก้ามเบรคดรัม Toyota Vigo ล้อหลัง,ทั่วไป,ชุด,750,car
ระบบเบรค,ผ้าเบรคหลัง/ก้ามเบรคดรัม Isuzu D-Max ล้อหลัง,ทั่วไป,ชุด,700,car
ระบบเบรค,ผ้าเบรคหลัง Toyota Altis/Vios (ดิสก์) ล้อหลัง,ทั่วไป,ชุด,900,car
ระบบเบรค,จานเบรค Suzuki Swift 1.2 2012-2017 1 ใบ,TRW,ใบ,893,car
ระบบเบรค,จานเบรคหลัง Suzuki Swift 1.2 2018 1 ใบ,TRW,ใบ,1029,car
ระบบเบรค,จานเบรค Suzuki Swift 1.5 2009-2011 1 ใบ,TRW,ใบ,893,car
ระบบเบรค,จานเบรค Proton Exora 2009 1 ใบ,TRW,ใบ,1607,car
ระบบเบรค,จานเบรคหน้า Toyota Vios/Yaris 1 ใบ,ทั่วไป,ใบ,1200,car
ระบบเบรค,จานเบรคหน้า Isuzu D-Max/MU-X 1 ใบ,ทั่วไป,ใบ,1600,car
ระบบเบรค,จานเบรคหน้า Toyota Vigo/Fortuner 1 ใบ,ทั่วไป,ใบ,1700,car
ระบบเบรค,จานดุมเบรคหลัง (ดรัม) 1 ใบ,ทั่วไป,ใบ,1500,car
ระบบเบรค,แม่ปั๊มเบรคบน (Master Cylinder) มาตรฐาน,ทั่วไป,ตัว,1200,car
ระบบเบรค,ลูกปั๊มเบรคล่าง (Wheel Cylinder) มาตรฐาน,ทั่วไป,ตัว,450,car
ระบบเบรค,ชุดซ่อมคาลิปเปอร์เบรค (ยางกันฝุ่น+ลูกยาง) มาตรฐาน,ทั่วไป,ชุด,350,car
ระบบเบรค,สายอ่อนเบรค (Brake Hose) มาตรฐาน,ทั่วไป,เส้น,250,car
ระบบเบรค,หม้อลมเบรค (Brake Booster) มาตรฐาน,ทั่วไป,ลูก,3500,car
ระบบเบรค,สายเบรคมือ มาตรฐาน,ทั่วไป,เส้น,450,car
ระบบเบรค,เซ็นเซอร์ ABS มาตรฐาน,ทั่วไป,ตัว,1500,car
ช่วงล่าง,ลูกหมากปีกนกล่าง Toyota Vios/Yaris 2003-2018,555,ตัว,440,car
ช่วงล่าง,ลูกหมากปีกนกล่าง Vigo/Fortuner/Revo/Innova,555,ตัว,605,car
ช่วงล่าง,ลูกหมากปีกนกล่าง Isuzu TFR/D-Max (คู่) 2WD/4WD,555,คู่,1559,car
ช่วงล่าง,ลูกหมากปีกนกบน+ล่าง Isuzu D-Max,555,ชุด,809,car
ช่วงล่าง,ลูกหมากปีกนกล่าง Mazda 2 Skyactiv/Ford Fiesta,555,ตัว,1008,car
ช่วงล่าง,ลูกหมากปีกนกล่าง Toyota Vigo/Champ/Revo 2WD,NISTO,ตัว,900,car
ช่วงล่าง,ลูกหมากปีกนกล่าง Nissan Tiida 2006-2012,NISTO,ตัว,700,car
ช่วงล่าง,ลูกหมากปีกนกล่าง Chevrolet Cruze 2010-2015,NISTO,ตัว,405,car
ช่วงล่าง,ลูกหมากปีกนกล่าง Nissan March 2010-2016,NISTO,ตัว,900,car
ช่วงล่าง,ลูกหมากปีกนกล่าง Toyota Camry ACV40/50 2006-2016,NISTO,ตัว,1081,car
ช่วงล่าง,ลูกหมากปีกนกล่าง Honda City/Jazz 2008-2014,NISTO,ตัว,1080,car
ช่วงล่าง,ลูกหมากปีกนกล่าง Honda HR-V 2014-2019,NISTO,ตัว,1080,car
ช่วงล่าง,ลูกหมากปีกนกล่าง Hyundai H1 2007-2015,NISTO,ตัว,901,car
ช่วงล่าง,ลูกหมากปีกนกล่าง Honda Accord G7 2003-2007,NISTO,ตัว,900,car
ช่วงล่าง,ลูกหมากปีกนกล่าง Mitsubishi Triton 2WD 2005-2022,NISTO,ตัว,1440,car
ช่วงล่าง,ลูกหมากปีกนกล่าง Nissan Teana J32 2009-2013,NISTO,ตัว,853,car
ช่วงล่าง,ลูกหมากปีกนกล่าง Nissan Sunny Neo 2001-2004,NISTO,ตัว,585,car
ช่วงล่าง,ลูกหมากปีกนกล่าง Mitsubishi Lancer Cedia CS3,NISTO,ตัว,720,car
ช่วงล่าง,ชุดช่วงล่าง Toyota Altis E140 2008-2013 ชุดเล็ก,TRW,ชุด,655,car
ช่วงล่าง,ชุดช่วงล่าง Hyundai H1 2008-2017 ชุดเล็ก,CTR,ชุด,943,car
ช่วงล่าง,ชุดช่วงล่าง Mercedes W203/W204 ชุดเล็ก,TRW,ชุด,1710,car
ช่วงล่าง,ชุดช่วงล่าง Mitsubishi Strada 2WD ชุดเล็ก,555,ชุด,5550,car
ช่วงล่าง,ลูกหมากคันชัก/คันส่ง มาตรฐาน,ทั่วไป,ตัว,450,car
ช่วงล่าง,ลูกหมากกันโคลง (Stabilizer Link) มาตรฐาน,ทั่วไป,ตัว,350,car
ช่วงล่าง,ยางกันโคลง/บูชเหล็กกันโคลง มาตรฐาน,ทั่วไป,ตัว,120,car
ช่วงล่าง,บูชปีกนก (Arm Bush) มาตรฐาน,ทั่วไป,ตัว,250,car
ช่วงล่าง,โช้คอัพหน้า Toyota Altis 2008-2013 ด้านหน้า,MONROE,ต้น,1450,car
ช่วงล่าง,โช้คอัพหน้า-หลัง Suzuki XL7 2020 หน้า/หลัง,MONROE,ชุด,1950,car
ช่วงล่าง,โช้คอัพ TEIN XPENG G6 RWD 2023+ ปรับเกลียว,TEIN,ชุด,23400,car
ช่วงล่าง,โช้คอัพหน้า KYB Excel-G (รุ่นทั่วไป) ด้านหน้า,KYB,ต้น,1300,car
ช่วงล่าง,โช้คอัพหลัง KYB Excel-G (รุ่นทั่วไป) ด้านหลัง,KYB,ต้น,1100,car
ช่วงล่าง,เบ้าโช้คหน้า (Strut Mount) มาตรฐาน,ทั่วไป,ตัว,850,car
ช่วงล่าง,ลูกปืนล้อหน้า/หลัง (Wheel Bearing) มาตรฐาน,ทั่วไป,ตัว,750,car
ช่วงล่าง,ยางแท่นเครื่อง (Engine Mounting) มาตรฐาน,ทั่วไป,ตัว,900,car
ช่วงล่าง,ยางแท่นเกียร์ มาตรฐาน,ทั่วไป,ตัว,850,car
ช่วงล่าง,เพลาขับ (Drive Shaft) พร้อมหัวเพลา มาตรฐาน,ทั่วไป,เส้น,3500,car
ช่วงล่าง,ยางหุ้มเพลาขับ (CV Boot) + จาระบี มาตรฐาน,ทั่วไป,ชุด,250,car
ช่วงล่าง,แร็คพวงมาลัยเพาเวอร์ (รีบิ้วท์) มาตรฐาน,ทั่วไป,ชุด,6500,car
ไฟฟ้า/แบตเตอรี่,แบตเตอรี่ GS MFX50L 12V 50Ah 380A,GS,ลูก,1648,car
ไฟฟ้า/แบตเตอรี่,แบตเตอรี่ GS MFX60L 12V 50Ah,GS,ลูก,1425,car
ไฟฟ้า/แบตเตอรี่,แบตเตอรี่ GS MFX90L 12V 80Ah,GS,ลูก,2320,car
ไฟฟ้า/แบตเตอรี่,แบตเตอรี่ GS MFX190L 12V 90Ah 710A,GS,ลูก,3007,car
ไฟฟ้า/แบตเตอรี่,แบตเตอรี่ GS MFX200L 12V 100Ah,GS,ลูก,3709,car
ไฟฟ้า/แบตเตอรี่,แบตเตอรี่ GS LN2 DIN65 L 12V 65Ah,GS,ลูก,5100,car
ไฟฟ้า/แบตเตอรี่,แบตเตอรี่ 3K PMF 50L/R 12V 50Ah 400CCA PMF50,3K,ลูก,1862,car
ไฟฟ้า/แบตเตอรี่,แบตเตอรี่ 3K MAX2500L/R 660CCA,3K,ลูก,2690,car
ไฟฟ้า/แบตเตอรี่,แบตเตอรี่ 3K MAX LN3,3K,ลูก,2715,car
ไฟฟ้า/แบตเตอรี่,แบตเตอรี่ ULTRA LN3 SMF (DIN66) 12V LN3 DIN66,ULTRA,ลูก,3300,car
ไฟฟ้า/แบตเตอรี่,แบตเตอรี่ niko 135R 12V 70Ah,niko,ลูก,2250,car
ไฟฟ้า/แบตเตอรี่,แบตเตอรี่ niko NK135 12V 70Ah,niko,ลูก,2350,car
ไฟฟ้า/แบตเตอรี่,แบตเตอรี่ NC+ NS120 12V 85Ah 565CCA,NC Battery,ลูก,2950,car
ไฟฟ้า/แบตเตอรี่,แบตเตอรี่ FB S-75 LN3 12V 75Ah,FB,ลูก,2900,car
ไฟฟ้า/แบตเตอรี่,แบตเตอรี่ FB Hybrid F-135 12V 85Ah,FB,ลูก,2750,car
ไฟฟ้า/แบตเตอรี่,แบตเตอรี่ BOSCH 75B24L 12V 55Ah,BOSCH,ลูก,2750,car
ไฟฟ้า/จุดระเบิด,หัวเทียน NGK BKR6EGP (Toyota) BKR6EGP 7092,NGK,หัว,93,car
ไฟฟ้า/จุดระเบิด,หัวเทียน NGK G-Power Platinum BKR6EGP ชุด 4 หัว,NGK,ชุด,500,car
ไฟฟ้า/จุดระเบิด,หัวเทียน NGK Laser Iridium IZFR6K13 ชุด 4 หัว,NGK,ชุด,3000,car
ไฟฟ้า/จุดระเบิด,หัวเทียน NGK Iridium IX IRIDIUM IX,NGK,หัว,350,car
ไฟฟ้า/จุดระเบิด,หัวเทียน NGK แท้ Chevrolet BKR6EGP แพ็ค 4 หัว,NGK,แพ็ค,654,car
ไฟฟ้า/จุดระเบิด,สายหัวเทียน (ชุด 4 เส้น) มาตรฐาน,ทั่วไป,ชุด,850,car
ไฟฟ้า/จุดระเบิด,คอยล์จุดระเบิด (Ignition Coil) มาตรฐาน,ทั่วไป,ตัว,1200,car
ไฟฟ้า/จุดระเบิด,ไดชาร์จ (Alternator) รีบิ้วท์ มาตรฐาน,ทั่วไป,ลูก,3500,car
ไฟฟ้า/จุดระเบิด,ไดสตาร์ท (Starter) รีบิ้วท์ มาตรฐาน,ทั่วไป,ลูก,3200,car
ไฟฟ้า/จุดระเบิด,ถ่านไดชาร์จ/ถ่านไดสตาร์ท มาตรฐาน,ทั่วไป,ชุด,180,car
ไฟส่องสว่าง,หลอดไฟหน้า H4 60/55W 12V (64193),OSRAM,หลอด,135,car
ไฟส่องสว่าง,หลอดไฟหน้า H4 100/90W 12V,OSRAM,หลอด,72,car
ไฟส่องสว่าง,หลอดไฟหน้า H4 130/90W 12V,OSRAM,หลอด,459,car
ไฟส่องสว่าง,หลอดไฟหน้า H4 12V 60/55W,Koito,หลอด,120,car
ไฟส่องสว่าง,หลอดไฟหน้า LED H4 6000K H4 LED,ทั่วไป,ชุด,182,car
ไฟส่องสว่าง,หลอดไฟหน้า LED H4 NARVA by Philips 6500K H4 LED,NARVA,ชุด,1350,car
ไฟส่องสว่าง,หลอดไฟหน้า LED H4 NARVA 6000K/3500K 12V/24V,NARVA,ชุด,1297,car
ไฟส่องสว่าง,หลอดไฟหน้า LED C6 H4 C6 LED,ทั่วไป,ชุด,262,car
ไฟส่องสว่าง,หลอดไฟหน้า LED H4-3LED T19 P15D,ทั่วไป,หลอด,65,car
ไฟส่องสว่าง,ไฟหน้า Toyota Hilux Champ 2024 ข้างละ,SAITAMA,ข้าง,2900,car
ไฟส่องสว่าง,ไฟท้าย Toyota Hilux Champ 2024 ข้างละ,SAITAMA,ข้าง,300,car
ไฟส่องสว่าง,ไฟหน้า Isuzu MU-X 2024-2027 ข้างละ,Gluzk,ข้าง,6500,car
ระบายความร้อน,หม้อน้ำ (รังผึ้ง) รถเก๋ง/กระบะ มาตรฐาน,ทั่วไป,ใบ,2500,car
ระบายความร้อน,ฝาหม้อน้ำ (Radiator Cap) 0.9-1.1 บาร์,ทั่วไป,ตัว,150,car
ระบายความร้อน,ท่อยางหม้อน้ำ บน/ล่าง มาตรฐาน,ทั่วไป,เส้น,350,car
ระบายความร้อน,ปั๊มน้ำ (Water Pump) มาตรฐาน,ทั่วไป,ตัว,1500,car
ระบายความร้อน,วาล์วน้ำ (Thermostat) มาตรฐาน,ทั่วไป,ตัว,350,car
ระบายความร้อน,มอเตอร์พัดลมหม้อน้ำ มาตรฐาน,ทั่วไป,ตัว,1800,car
ระบายความร้อน,ถังพักน้ำสำรอง มาตรฐาน,ทั่วไป,ใบ,450,car
เครื่องยนต์,ปะเก็นฝาสูบ (Head Gasket) มาตรฐาน,ทั่วไป,ชุด,1500,car
เครื่องยนต์,ซีลวาล์ว (Valve Stem Seal) มาตรฐาน,ทั่วไป,ชุด,450,car
เครื่องยนต์,ซีลข้อเหวี่ยงหน้า/หลัง มาตรฐาน,ทั่วไป,ตัว,250,car
เครื่องยนต์,ปะเก็นอ่างน้ำมันเครื่อง มาตรฐาน,ทั่วไป,ตัว,250,car
เครื่องยนต์,ชุดแหวนลูกสูบ STD มาตรฐาน,ทั่วไป,ชุด,1800,car
เครื่องยนต์,ชาร์จแอร์คูลเลอร์/ท่อยางเทอร์โบ มาตรฐาน,ทั่วไป,เส้น,900,car
สายพาน/ลูกรอก,สายพานหน้าเครื่อง Toyota Vios (3PK850),MITSUBOSHI,เส้น,205,car
สายพาน/ลูกรอก,สายพานหน้าเครื่อง Toyota Vigo/Fortuner 2.5/3.0 ดีเซล,TOYOTA,เส้น,193,car
สายพาน/ลูกรอก,สายพานหน้าเครื่อง Isuzu D-Max 2.5/3.0 Commonrail 05-11 8-97362926-0,ISUZU,เส้น,440,car
สายพาน/ลูกรอก,สายพานหน้าเครื่อง Honda Brio/Amaze ตามปี,HONDA,เส้น,330,car
สายพาน/ลูกรอก,สายพานหน้าเครื่อง Camry ACV30/Wish (7PK1930),MITSUBOSHI,เส้น,990,car
สายพาน/ลูกรอก,สายพานหน้าเครื่อง Camry ACV30/Wish (T2014),TOYOTA,เส้น,211,car
สายพาน/ลูกรอก,ชุดสายพาน Triton 2.4/Pajero Sport (3 เส้น) ชุด 3 เส้น,MITSUBOSHI,ชุด,870,car
สายพาน/ลูกรอก,ชุดสายพาน Corolla AE101 4AFE (5PK970),MITSUBOSHI,ชุด,795,car
สายพาน/ลูกรอก,ชุดสายพาน Honda Civic 1.6 1996-2000 (3 เส้น) 4PK800/4PK820,MITSUBOSHI,ชุด,755,car
สายพาน/ลูกรอก,ชุดสายพาน Soluna 5AFE (3 เส้น) ชุด 3 เส้น,MITSUBOSHI,ชุด,845,car
สายพาน/ลูกรอก,สายพานหน้าเครื่อง Commuter/Tiger D4D (7PK1516),ทั่วไป,เส้น,233,car
สายพาน/ลูกรอก,สายพานหน้าเครื่อง Sienta (6PK1178) 90916-T2038,TOYOTA,เส้น,750,car
สายพาน/ลูกรอก,สายพานหน้าเครื่อง Accord G8 2.0 (7PK2185),MITSUBOSHI,เส้น,1155,car
สายพาน/ลูกรอก,สายพานหน้าเครื่อง HR-V 2013-2021 (6PK2113) 31110-R2A-M12,HONDA,เส้น,1320,car
สายพาน/ลูกรอก,สายพานหน้าเครื่อง Mazda 3 2.0 2004-2012 มาตรฐาน,MAZDA,เส้น,1580,car
สายพาน/ลูกรอก,สายพานหน้าเครื่อง Altis 03-06 1.6/1.8 90080-91202,TOYOTA,เส้น,1320,car
สายพาน/ลูกรอก,สายพานไดชาร์จ E-Car 4G92 (4PK780),MITSUBOSHI,เส้น,265,car
สายพาน/ลูกรอก,สายพานหน้าเครื่อง BMW E46 N42 (6PK1870),ทั่วไป,เส้น,830,car
สายพาน/ลูกรอก,ชุดสายพานราวลิ้น + ซีล Vigo/Fortuner/Innova ชุดเต็ม,TOYOTA,ชุด,2420,car
สายพาน/ลูกรอก,ลูกรอกสายพาน Triton/Pajero MIVEC 2014-2020 PU107016RMXY1,KOYO,ตัว,480,car
สายพาน/ลูกรอก,ลูกรอกสายพาน Isuzu D-Max 1.9 Bluepower 2018+ 8-98377692-2,ISUZU,ตัว,450,car
สายพาน/ลูกรอก,ลูกรอกสายพาน CR-V G2 02-06/Accord G7 03-07 มาตรฐาน,ทั่วไป,ตัว,468,car
สายพาน/ลูกรอก,ลูกรอกสายพาน Chevrolet Captiva C140 2.4 มาตรฐาน,ทั่วไป,ตัว,1540,car
สายพาน/ลูกรอก,ลูกรอกสายพาน Mazda 2 DE/Mazda 3 BK 1.5-1.6 E004917,ทั่วไป,ตัว,1187,car
ใบปัดน้ำฝน,"ใบปัดน้ำฝน BOSCH Advantage 26+14 นิ้ว 26""+14""",BOSCH,ชุด,390,car
ใบปัดน้ำฝน,"ใบปัดน้ำฝน BOSCH Advantage 24+14 นิ้ว 24""+14""",BOSCH,ชุด,370,car
ใบปัดน้ำฝน,ใบปัดน้ำฝน BOSCH Aerotwin Retrofit (U-Hook),BOSCH,เส้น,481,car
ใบปัดน้ำฝน,"ใบปัดน้ำฝน DENSO DDS Design 14-21 นิ้ว 14-21""",DENSO,เส้น,297,car
ใบปัดน้ำฝน,"ใบปัดน้ำฝน Toyota Corolla Cross 2020-2025 26""+16""",Idea Auto-Part,ชุด,173,car
ใบปัดน้ำฝน,"ใบปัดน้ำฝน Mitsubishi Xpander 2018-2024 26""+16""",Idea Auto-Part,ชุด,173,car
ใบปัดน้ำฝน,"ใบปัดน้ำฝน Toyota Revo 22""+16""",Daddycar,ชุด,290,car
ใบปัดน้ำฝน,"ใบปัดน้ำฝน Honda Brio/Brio Amaze 24""+14""",Diamond,ชุด,180,car
ใบปัดน้ำฝน,"ใบปัดน้ำฝน Honda Civic/Dimension ES 24""+14""",CLULA,ชุด,178,car
ใบปัดน้ำฝน,"ใบปัดน้ำฝน Mitsubishi Attrage 22""+14""",Diamond,ชุด,180,car
ใบปัดน้ำฝน,"ใบปัดน้ำฝน Toyota Tiger D4D 18""+18""",Webber,ชุด,300,car
ใบปัดน้ำฝน,ใบปัดน้ำฝน Toyota Soluna 1997-2002 มาตรฐาน,TOYOTA,ชุด,310,car
ใบปัดน้ำฝน,"ใบปัดน้ำฝนหลัง 12 นิ้ว 12""",iWIPER PRO,เส้น,99,car
ใบปัดน้ำฝน,"ใบปัดน้ำฝน NN1 14 นิ้ว 14""",NN1,เส้น,220,car
ใบปัดน้ำฝน,"ก้านใบปัดน้ำฝน Chevrolet/Isuzu 18 นิ้ว 18""",ทั่วไป,เส้น,332,car
ใบปัดน้ำฝน,ยางใบปัดน้ำฝน (เฉพาะยาง) มาตรฐาน,ทั่วไป,เส้น,60,car
ตัวถัง/อื่นๆ,กระจกมองข้าง (พร้อมไฟเลี้ยว) มาตรฐาน,ทั่วไป,ข้าง,1200,car
ตัวถัง/อื่นๆ,ยางขอบประตู ต่อเมตร,ทั่วไป,เมตร,120,car
ตัวถัง/อื่นๆ,กิ๊บล็อคกันชน/ซุ้มล้อ 100 ตัว,ทั่วไป,ถุง,90,car
ตัวถัง/อื่นๆ,โช้คฝากระโปรง/ฝาท้าย มาตรฐาน,ทั่วไป,ต้น,450,car
ตัวถัง/อื่นๆ,แตรรถยนต์ (ชุดคู่) 12V,ทั่วไป,คู่,350,car
โซ่-สเตอร์,ชุดโซ่สเตอร์ 428 (14/35-112) MSX/Wave110i 428 พร้อมกิ๊บ,ทั่วไป,ชุด,238,motorcycle
โซ่-สเตอร์,"ชุดโซ่สเตอร์ 428 (14T/32-51T, 104-120L)",ทั่วไป,ชุด,229,motorcycle
โซ่-สเตอร์,ชุดโซ่สเตอร์ JOMTHAI คละรุ่น,JOMTHAI,ชุด,350,motorcycle
โซ่-สเตอร์,ชุดโซ่สเตอร์ Jomthai Asahi (ตราพระอาทิตย์) คละรุ่น,Jomthai Asahi,ชุด,400,motorcycle
โซ่-สเตอร์,ชุดโซ่สเตอร์ ตราพระอาทิตย์ 420-106L,Asahi,ชุด,395,motorcycle
โซ่-สเตอร์,ชุดโซ่สเตอร์ Wave110i พร้อมกิ๊บล็อค 428,ทั่วไป,ชุด,390,motorcycle
โซ่-สเตอร์,ชุดโซ่สเตอร์ DDC 428H,DDC,ชุด,230,motorcycle
โซ่-สเตอร์,ชุดโซ่สเตอร์ TAWAN 428H (Smash),TAWAN,ชุด,315,motorcycle
โซ่-สเตอร์,ชุดโซ่สเตอร์ SAITO คละรุ่น,SAITO,ชุด,111,motorcycle
โซ่-สเตอร์,ชุดโซ่สเตอร์ Honda 14-34 106L 14-34-106L,ทั่วไป,ชุด,111,motorcycle
โซ่-สเตอร์,ชุดโซ่สเตอร์ Suzuki แท้ศูนย์,SUZUKI,ชุด,460,motorcycle
โซ่-สเตอร์,ชุดโซ่สเตอร์ Jomthai Honda X-ADV 750 ADV750,Jomthai,ชุด,1550,motorcycle
โซ่-สเตอร์,ชุดโซ่สเตอร์ Daytona (ญี่ปุ่นแท้) CA1KA,Daytona,ชุด,1362,motorcycle
โซ่-สเตอร์,ชุดโซ่สเตอร์ KITACO (ญี่ปุ่นแท้) คละรุ่น,KITACO,ชุด,1542,motorcycle
โซ่-สเตอร์,โซ่มอเตอร์ไซค์ 428-106L,MSD,เส้น,139,motorcycle
โซ่-สเตอร์,โซ่มอเตอร์ไซค์สี 428-106L/120L 428 หนาพิเศษ,ทั่วไป,เส้น,560,motorcycle
โซ่-สเตอร์,โซ่มอเตอร์ไซค์ 428 หนาพิเศษ,ทั่วไป,เส้น,100,motorcycle
โซ่-สเตอร์,สเตอร์หน้า 14T/15T 428,ทั่วไป,ตัว,120,motorcycle
โซ่-สเตอร์,สเตอร์หลัง 35T-45T 428,ทั่วไป,ตัว,220,motorcycle
โซ่-สเตอร์,กิ๊บล็อคโซ่ (ข้อต่อโซ่) 428/420,ทั่วไป,ตัว,20,motorcycle
โซ่-สเตอร์,แปรงล้างโซ่ 3 ด้าน,ทั่วไป,อัน,39,motorcycle
ระบบเบรค,ผ้าเบรคหน้า Honda Click/Wave ดิสก์หน้า,ทั่วไป,ชุด,52,motorcycle
ระบบเบรค,ผ้าเบรคหน้า TTW (Wave125) ดิสก์หน้า,TTW,ชุด,31,motorcycle
ระบบเบรค,ผ้าเบรค Bendix General CT MD15(F),Bendix,ชุด,88,motorcycle
ระบบเบรค,ชุดผ้าเบรค Honda Wave 110 แท้ศูนย์,HONDA,ชุด,462,motorcycle
ระบบเบรค,ผ้าเบรคมอเตอร์ไซค์ HW125,ทั่วไป,ชุด,195,motorcycle
ระบบเบรค,ผ้าเบรค KSR ประกบคู่ (หน้า-หลัง) หน้า+หลัง,ทั่วไป,ชุด,190,motorcycle
ระบบเบรค,ผ้าเบรค Goldfren (ถนน สีแดง) Road,Goldfren,ชุด,1025,motorcycle
ระบบเบรค,ผ้าเบรคหน้า NEXZTER 0505AA (Yamaha Bolt/TZM),NEXZTER,ชุด,1000,motorcycle
ระบบเบรค,ผ้าเบรค Yamaha 1WD-25806-00 (R15/M-Slaz),YAMAHA,ชุด,620,motorcycle
ระบบเบรค,ผ้าเบรค Kevlar Sportsman,Sportsman,ชุด,399,motorcycle
ระบบเบรค,ก้ามเบรคหลัง (ดรัม) Wave/Dream ดรัมหลัง,ทั่วไป,ชุด,90,motorcycle
ระบบเบรค,จานดิสก์เบรคหน้ามอเตอร์ไซค์ 220-240 มม.,ทั่วไป,ใบ,450,motorcycle
ระบบเบรค,แม่ปั๊มเบรคบน (ปั๊มบน) มาตรฐาน,ทั่วไป,ตัว,550,motorcycle
ระบบเบรค,ปั๊มดิสก์ล่าง (คาลิปเปอร์) มาตรฐาน,ทั่วไป,ตัว,900,motorcycle
ระบบเบรค,สายเบรคหน้า (สายอ่อน) มาตรฐาน,ทั่วไป,เส้น,180,motorcycle
ระบบเบรค,สายเบรคหลัง (สายสลิง) มาตรฐาน,ทั่วไป,เส้น,90,motorcycle
ระบบเบรค,ชุดซ่อมปั๊มเบรค (ลูกยาง) มาตรฐาน,ทั่วไป,ชุด,150,motorcycle
ยางนอก/ยางใน,ยางนอก IRC Eagle NR73 50/100-17,IRC,เส้น,419,motorcycle
ยางนอก/ยางใน,ยางนอก IRC T-Spec NR78 70/90-17,IRC,เส้น,381,motorcycle
ยางนอก/ยางใน,ยางนอก IRC T-Spec NR78 80/90-17,IRC,เส้น,530,motorcycle
ยางนอก/ยางใน,ยางนอก Goodride H626 2.25-17,Goodride,เส้น,285,motorcycle
ยางนอก/ยางใน,ยางนอก Goodride H780 70/90-17,Goodride,เส้น,229,motorcycle
ยางนอก/ยางใน,ยางนอก Goodride H571 CityGrip ทิวเลส 13-14 นิ้ว ขอบ 13-14,Goodride,เส้น,550,motorcycle
ยางนอก/ยางใน,ยางนอก Camel CM58 60/90-17,Camel,เส้น,225,motorcycle
ยางนอก/ยางใน,ยางนอก Camel CM2 50/100-17,Camel,เส้น,380,motorcycle
ยางนอก/ยางใน,ยางนอก Camel CM562 ทิวเลส ขอบ 10-15,Camel,เส้น,698,motorcycle
ยางนอก/ยางใน,ยางนอก Champion HR78 110/70-17 ทิวเลส,Champion,เส้น,864,motorcycle
ยางนอก/ยางใน,ยางนอก Champion HR31 ขอบ 12-14 ทิวเลส,Champion,เส้น,380,motorcycle
ยางนอก/ยางใน,ยางนอก Michelin Pilot Street คละไซส์,Michelin,เส้น,839,motorcycle
ยางนอก/ยางใน,ยางนอก Chaoyang Radial ทิวเลส 80/90-14,Chaoyang,เส้น,746,motorcycle
ยางนอก/ยางใน,ยางนอก Vee Rubber Wave110i ขอบ 17,Vee Rubber,เส้น,395,motorcycle
ยางนอก/ยางใน,ชุดยางนอก 2 + ยางใน 2 ขอบ 17 (มี มอก.),ทั่วไป,ชุด,515,motorcycle
ยางนอก/ยางใน,ยางใน 2.25/2.50-17 ขอบ 17,ทั่วไป,เส้น,90,motorcycle
ยางนอก/ยางใน,ยางใน 70/90-17 / 80/90-17 ขอบ 17,ทั่วไป,เส้น,100,motorcycle
ยางนอก/ยางใน,จุ๊บลมยางทิวเลส มาตรฐาน,ทั่วไป,ตัว,25,motorcycle
ยางนอก/ยางใน,แผ่นปะยาง + น้ำยาปะยาง ชุดซ่อม,ทั่วไป,ชุด,120,motorcycle
แบตเตอรี่,แบตเตอรี่ YUASA YTZ5S 12V 3.5Ah,YUASA,ลูก,490,motorcycle
แบตเตอรี่,แบตเตอรี่ YUASA YTZ6S 12V 6Ah,YUASA,ลูก,710,motorcycle
แบตเตอรี่,แบตเตอรี่ YUASA YTZ7V 12V 6.3Ah,YUASA,ลูก,1155,motorcycle
แบตเตอรี่,แบตเตอรี่ YUASA YTZ8V 12V 7.4Ah,YUASA,ลูก,1028,motorcycle
แบตเตอรี่,แบตเตอรี่ YUASA YTX9-BS 12V 9Ah,OD,ลูก,659,motorcycle
แบตเตอรี่,แบตเตอรี่ YUASA YTX14-BS 12V,YUASA,ลูก,2540,motorcycle
แบตเตอรี่,แบตเตอรี่ YUASA YTX16-BS 12V 14Ah,YUASA,ลูก,3137,motorcycle
แบตเตอรี่,แบตเตอรี่ YUASA YTZ3 12V,YUASA,ลูก,350,motorcycle
แบตเตอรี่,แบตเตอรี่ RR JTZ5S 12V 5Ah (Wave/Nice/Shogun),RR,ลูก,476,motorcycle
แบตเตอรี่,แบตเตอรี่ LEO 12V 5Ah (Wave ทุกรุ่น),LEO,ลูก,595,motorcycle
แบตเตอรี่,แบตเตอรี่ LiFePO4 12V 6.5Ah (100-400cc),ทั่วไป,ลูก,570,motorcycle
หัวเทียน/ไฟฟ้า,หัวเทียน NGK CR7EH-9 (Click/Air Blade),NGK,หัว,161,motorcycle
หัวเทียน/ไฟฟ้า,หัวเทียน NGK C7HSA (Wave/Dream/Nice),NGK,หัว,60,motorcycle
หัวเทียน/ไฟฟ้า,หัวเทียน NGK CPR7EA-9 (Wave110i),NGK,หัว,110,motorcycle
หัวเทียน/ไฟฟ้า,หัวเทียน NGK B9ES เกลียวยาว (Serpico/Victor/KR),NGK,หัว,114,motorcycle
หัวเทียน/ไฟฟ้า,หัวเทียน NGK BP8ES (2 จังหวะ),NGK,หัว,90,motorcycle
หัวเทียน/ไฟฟ้า,หัวเทียน NGK D8EA,NGK,หัว,120,motorcycle
หัวเทียน/ไฟฟ้า,หัวเทียน NGK Iridium IX (มอเตอร์ไซค์) IRIDIUM IX,NGK,หัว,350,motorcycle
หัวเทียน/ไฟฟ้า,ปลั๊กหัวเทียน (ฝาครอบ) Dream/Wave/Nice/Click C7HSA,NGK,ตัว,17,motorcycle
หัวเทียน/ไฟฟ้า,คอยล์จุดระเบิดมอเตอร์ไซค์ มาตรฐาน,ทั่วไป,ตัว,320,motorcycle
หัวเทียน/ไฟฟ้า,กล่อง CDI มอเตอร์ไซค์ มาตรฐาน,ทั่วไป,ตัว,450,motorcycle
หัวเทียน/ไฟฟ้า,รีเลย์สตาร์ท (สตาร์ทรีเลย์) 12V,ทั่วไป,ตัว,150,motorcycle
หัวเทียน/ไฟฟ้า,ไดสตาร์ทมอเตอร์ไซค์ มาตรฐาน,ทั่วไป,ตัว,900,motorcycle
หัวเทียน/ไฟฟ้า,ฟิลคอยล์/ชุดจานไฟ (Stator) มาตรฐาน,ทั่วไป,ชุด,900,motorcycle
หัวเทียน/ไฟฟ้า,เรกกูเลเตอร์ (แผงชาร์จ) 12V,ทั่วไป,ตัว,350,motorcycle
หัวเทียน/ไฟฟ้า,สวิตช์กุญแจ (ชุดล็อค) มาตรฐาน,ทั่วไป,ชุด,250,motorcycle
หัวเทียน/ไฟฟ้า,แตรมอเตอร์ไซค์ 12V,ทั่วไป,ตัว,120,motorcycle
หัวเทียน/ไฟฟ้า,สวิตช์แฮนด์ (ซ้าย/ขวา) มาตรฐาน,ทั่วไป,ตัว,220,motorcycle
ไฟส่องสว่าง,หลอดไฟหน้า LED P15D (H2/H6) Honda,Motortop,หลอด,26,motorcycle
ไฟส่องสว่าง,หลอดไฟหน้า LED H2/H6/P15D/T19 มาตรฐาน,DailySave,หลอด,69,motorcycle
ไฟส่องสว่าง,หลอดไฟหน้า LED Wave (T19),INVERX,หลอด,105,motorcycle
ไฟส่องสว่าง,หลอดไฟหน้า LED P15D ไฟสูง/ต่ำ,P-car,หลอด,135,motorcycle
ไฟส่องสว่าง,ไฟหน้า LED มอเตอร์ไซค์ AC/DC,StrongAng,ชุด,284,motorcycle
ไฟส่องสว่าง,หลอดไฟหน้า LED (แสงขาว) Honda มาตรฐาน,wisitmoto,หลอด,79,motorcycle
ไฟส่องสว่าง,หลอดไฟหน้า LED สีขาว+เหลือง มาตรฐาน,ทั่วไป,หลอด,139,motorcycle
ไฟส่องสว่าง,หลอดไฟเลี้ยว/ถอย/เบรค LED 16SMD-2835 T20/1156/1157,JD.C,หลอด,30,motorcycle
ไฟส่องสว่าง,หลอดไฟหรี่ LED T10 SMD,ทั่วไป,หลอด,16,motorcycle
ไฟส่องสว่าง,หลอดไฟเรือนไมล์ LED T10,ทั่วไป,หลอด,31,motorcycle
ไฟส่องสว่าง,ไฟเลี้ยว LED T10 (4 ชิ้น),Yasmos,ชุด,128,motorcycle
ไฟส่องสว่าง,ชุดไฟเลี้ยวมอเตอร์ไซค์ (ครบชุด 4 ดวง) มาตรฐาน,ทั่วไป,ชุด,250,motorcycle
ไฟส่องสว่าง,ไฟท้ายมอเตอร์ไซค์ มาตรฐาน,ทั่วไป,ชุด,220,motorcycle
ช่วงล่าง,โช้คอัพหลัง KYB Honda Wave (สีแดง),KYB,คู่,1980,motorcycle
ช่วงล่าง,โช้คอัพหลัง KYB Click/Scoopy/Zoomer/Moove (ขาว) Scooter,KYB,ต้น,630,motorcycle
ช่วงล่าง,โช้คอัพหลัง KYB Honda Click 125i/150i (ขาว),KYB,คู่,1188,motorcycle
ช่วงล่าง,โช้คอัพ KYB K-Alpha Honda Wave,KYB,คู่,5880,motorcycle
ช่วงล่าง,โช้คอัพ KYB K-Alpha Yamaha Aerox 155,KYB,คู่,5880,motorcycle
ช่วงล่าง,โช้คอัพ KYB K-Alpha Yamaha X-Max,KYB,คู่,6600,motorcycle
ช่วงล่าง,โช้คอัพ KYB K-Elite Honda Wave,KYB,คู่,10200,motorcycle
ช่วงล่าง,โช้คอัพ KYB K-Elite Yamaha Aerox 155,KYB,คู่,10200,motorcycle
ช่วงล่าง,โช้คอัพ KYB K-Elite Yamaha X-Max,KYB,คู่,11400,motorcycle
ช่วงล่าง,ชุดประกอบโช้คอัพหลัง 125/150 (ดรัม) มาตรฐาน,ทั่วไป,ชุด,800,motorcycle
ช่วงล่าง,บุชโช้คอัพมอเตอร์ไซค์ 10 มม.,ทั่วไป,ตัว,111,motorcycle
ช่วงล่าง,ซีลโช้คหน้า (Fork Seal) มาตรฐาน,ทั่วไป,คู่,150,motorcycle
ช่วงล่าง,ลูกปืนคอ (Steering Bearing) ชุด มาตรฐาน,ทั่วไป,ชุด,250,motorcycle
ช่วงล่าง,ลูกปืนล้อ 6301-2RS,ทั่วไป,ตลับ,60,motorcycle
ช่วงล่าง,แกนโช้คหน้า (Fork Tube) มาตรฐาน,ทั่วไป,ต้น,850,motorcycle
ช่วงล่าง,ยางรองโช้ค/ยางกันกระแทก มาตรฐาน,ทั่วไป,ตัว,60,motorcycle
ส่งกำลัง/สกู๊ตเตอร์,สายพานขับ CVT (Click/Scoopy/Fino) มาตรฐาน,ทั่วไป,เส้น,350,motorcycle
ส่งกำลัง/สกู๊ตเตอร์,ชุดสายพาน + เม็ดตุ้ม + ผ้าคลัตช์ สกู๊ตเตอร์ ชุดใหญ่,ทั่วไป,ชุด,750,motorcycle
ส่งกำลัง/สกู๊ตเตอร์,ชุดสายพานคลัตช์หน้า GY6 125/150cc,ทั่วไป,ชุด,1001,motorcycle
ส่งกำลัง/สกู๊ตเตอร์,เม็ดตุ้มน้ำหนัก (Roller Weight) 6 เม็ด,ทั่วไป,ชุด,180,motorcycle
ส่งกำลัง/สกู๊ตเตอร์,ผ้าคลัตช์แรงเหวี่ยง สกู๊ตเตอร์ มาตรฐาน,ทั่วไป,ชุด,350,motorcycle
ส่งกำลัง/สกู๊ตเตอร์,แผ่นคลัตช์ Wave/Dream (ชุดคลัตช์) มาตรฐาน,ทั่วไป,ชุด,320,motorcycle
ส่งกำลัง/สกู๊ตเตอร์,สปริงคลัตช์ มาตรฐาน,ทั่วไป,ชุด,120,motorcycle
ส่งกำลัง/สกู๊ตเตอร์,สายคลัตช์ มาตรฐาน,ทั่วไป,เส้น,90,motorcycle
ส่งกำลัง/สกู๊ตเตอร์,สายคันเร่ง มาตรฐาน,ทั่วไป,เส้น,110,motorcycle
ส่งกำลัง/สกู๊ตเตอร์,สายไมล์ มาตรฐาน,ทั่วไป,เส้น,90,motorcycle
กรอง/เครื่องยนต์,กรองน้ำมันเครื่อง Honda CB/CBR/NC Honda บิ๊กไบค์,ทั่วไป,ลูก,104,motorcycle
กรอง/เครื่องยนต์,กรองน้ำมันเครื่อง Kawasaki Ninja เบอร์ 64 #64,ทั่วไป,ลูก,332,motorcycle
กรอง/เครื่องยนต์,กรองน้ำมันเครื่อง Full Razer FR-303 Kawasaki 300-1000cc,Full Razer,ลูก,203,motorcycle
กรอง/เครื่องยนต์,กรองน้ำมันเครื่อง Yamaha (5TN-E3451-00),ทั่วไป,ลูก,170,motorcycle
กรอง/เครื่องยนต์,ไส้กรองน้ำมันเครื่อง Wave/Click (ตะแกรง+สปริง) มาตรฐาน,ทั่วไป,ชุด,60,motorcycle
กรอง/เครื่องยนต์,กรองอากาศ Honda Wave 110i/125i มาตรฐาน,ทั่วไป,ลูก,120,motorcycle
กรอง/เครื่องยนต์,กรองอากาศ Honda Click 125i/150i มาตรฐาน,ทั่วไป,ลูก,150,motorcycle
กรอง/เครื่องยนต์,กรองอากาศ Yamaha Fino/Mio/Grand Filano มาตรฐาน,ทั่วไป,ลูก,130,motorcycle
กรอง/เครื่องยนต์,ปะเก็นฝาสูบมอเตอร์ไซค์ มาตรฐาน,ทั่วไป,ชุด,180,motorcycle
กรอง/เครื่องยนต์,ชุดลูกสูบ + แหวน STD,ทั่วไป,ชุด,550,motorcycle
กรอง/เครื่องยนต์,โซ่ราวลิ้น (Cam Chain) มาตรฐาน,ทั่วไป,เส้น,220,motorcycle
กรอง/เครื่องยนต์,ตัวดันโซ่ราวลิ้น (Tensioner) มาตรฐาน,ทั่วไป,ตัว,180,motorcycle
กรอง/เครื่องยนต์,วาล์วไอดี/ไอเสีย มาตรฐาน,ทั่วไป,คู่,250,motorcycle
กรอง/เครื่องยนต์,คาร์บูเรเตอร์ (ทั้งลูก) มาตรฐาน,ทั่วไป,ลูก,850,motorcycle
กรอง/เครื่องยนต์,ชุดซ่อมคาร์บูเรเตอร์ มาตรฐาน,ทั่วไป,ชุด,180,motorcycle
กรอง/เครื่องยนต์,ปั๊มติ๊ก (ปั๊มเชื้อเพลิง) หัวฉีด มาตรฐาน,ทั่วไป,ตัว,750,motorcycle
กรอง/เครื่องยนต์,หัวฉีด (Injector) มาตรฐาน,ทั่วไป,ตัว,900,motorcycle
กรอง/เครื่องยนต์,ซีลข้างเครื่อง/ซีลเพลา มาตรฐาน,ทั่วไป,ตัว,45,motorcycle
กรอง/เครื่องยนต์,ท่อไอเสีย (ทั้งชุด) มาตรฐาน,ทั่วไป,ชุด,1200,motorcycle
กรอง/เครื่องยนต์,ปะเก็นท่อไอเสีย มาตรฐาน,ทั่วไป,ตัว,25,motorcycle
ตัวถัง/อุปกรณ์,กระจกมองข้างมอเตอร์ไซค์ มาตรฐาน,ทั่วไป,คู่,180,motorcycle
ตัวถัง/อุปกรณ์,บังโคลนหน้า/หลัง มาตรฐาน,ทั่วไป,ชิ้น,250,motorcycle
ตัวถัง/อุปกรณ์,เบาะนั่ง / หุ้มเบาะ มาตรฐาน,ทั่วไป,ชิ้น,350,motorcycle
ตัวถัง/อุปกรณ์,ขาตั้งข้าง / ขาตั้งกลาง มาตรฐาน,ทั่วไป,ชิ้น,300,motorcycle
ตัวถัง/อุปกรณ์,มือจับเบรค/คลัตช์ มาตรฐาน,ทั่วไป,คู่,120,motorcycle
ตัวถัง/อุปกรณ์,ปลอกแฮนด์ (ยางหุ้มแฮนด์) มาตรฐาน,ทั่วไป,คู่,60,motorcycle
ตัวถัง/อุปกรณ์,เรือนไมล์ (ชุดวัดความเร็ว) มาตรฐาน,ทั่วไป,ชุด,650,motorcycle
ตัวถัง/อุปกรณ์,กุญแจล็อคดิสก์เบรค มาตรฐาน,ทั่วไป,อัน,250,motorcycle
ตัวถัง/อุปกรณ์,ตะแกรงท้าย/กล่องท้าย มาตรฐาน,ทั่วไป,ชุด,750,motorcycle
ตัวถัง/อุปกรณ์,บังลม/ชิลด์หน้า มาตรฐาน,ทั่วไป,ชิ้น,450,motorcycle
